{"v":"5.4.3","fr":29.9700012207031,"ip":0,"op":80.0000032584668,"w":1028,"h":940,"nm":"barista_logo_togetherr4","ddd":0,"assets":[{"id":"image_0","w":561,"h":274,"u":"images/","p":"img_0.png","e":0},{"id":"image_1","w":184,"h":184,"u":"images/","p":"img_1.png","e":0},{"id":"image_2","w":570,"h":432,"u":"images/","p":"img_2.png","e":0},{"id":"image_3","w":133,"h":163,"u":"images/","p":"img_3.png","e":0},{"id":"image_4","w":355,"h":216,"u":"images/","p":"img_4.png","e":0},{"id":"comp_0","layers":[{"ddd":0,"ind":1,"ty":2,"nm":"tekst","refId":"image_0","sr":1,"ks":{"o":{"a":0,"k":100,"ix":11},"r":{"a":0,"k":0,"ix":10},"p":{"a":0,"k":[1184.571,984.06,0],"ix":2},"a":{"a":0,"k":[280.348,136.613,0],"ix":1},"s":{"a":0,"k":[100,100,100],"ix":6}},"ao":0,"ip":0,"op":107892.004394531,"st":0,"bm":0},{"ddd":0,"ind":2,"ty":2,"nm":"drska","refId":"image_1","sr":1,"ks":{"o":{"a":0,"k":100,"ix":11},"r":{"a":0,"k":0,"ix":10},"p":{"a":0,"k":[1423.199,659.696,0],"ix":2},"a":{"a":0,"k":[91.666,91.903,0],"ix":1},"s":{"a":0,"k":[100,100,100],"ix":6}},"ao":0,"ip":0,"op":107892.004394531,"st":0,"bm":0},{"ddd":0,"ind":3,"ty":2,"nm":"obrub","refId":"image_2","sr":1,"ks":{"o":{"a":0,"k":100,"ix":11},"r":{"a":0,"k":0,"ix":10},"p":{"a":0,"k":[1169.69,675.318,0],"ix":2},"a":{"a":0,"k":[284.813,215.682,0],"ix":1},"s":{"a":0,"k":[100,100,100],"ix":6}},"ao":0,"ip":0,"op":107892.004394531,"st":0,"bm":0}]}],"layers":[{"ddd":0,"ind":1,"ty":0,"nm":"salica","refId":"comp_0","sr":1,"ks":{"o":{"a":1,"k":[{"i":{"x":[0.667],"y":[1]},"o":{"x":[0.333],"y":[0]},"n":["0p667_1_0p333_0"],"t":5,"s":[0],"e":[100]},{"t":10.0000004073083}],"ix":11},"r":{"a":0,"k":0,"ix":10},"p":{"a":0,"k":[537,420,0],"ix":2},"a":{"a":0,"k":[1201,692,0],"ix":1},"s":{"a":0,"k":[100,100,100],"ix":6}},"ao":0,"w":2402,"h":1384,"ip":0,"op":107892.004394531,"st":0,"bm":0},{"ddd":0,"ind":2,"ty":2,"nm":"dim","td":1,"refId":"image_3","sr":1,"ks":{"o":{"a":0,"k":100,"ix":11},"r":{"a":0,"k":0,"ix":10},"p":{"a":0,"k":[521.615,142.078,0],"ix":2},"a":{"a":0,"k":[66.342,81.291,0],"ix":1},"s":{"a":0,"k":[100,100,100],"ix":6}},"ao":0,"ip":0,"op":107892.004394531,"st":0,"bm":0},{"ddd":0,"ind":3,"ty":4,"nm":"Shape Layer 2","tt":1,"sr":1,"ks":{"o":{"a":1,"k":[{"i":{"x":[0.321],"y":[0.997]},"o":{"x":[0.515],"y":[0.371]},"n":["0p321_0p997_0p515_0p371"],"t":61.799,"s":[0],"e":[100]},{"t":80.7987532910006}],"ix":11},"r":{"a":0,"k":0,"ix":10},"p":{"a":1,"k":[{"i":{"x":0.667,"y":1},"o":{"x":0.333,"y":0},"n":"0p667_1_0p333_0","t":55.969,"s":[1081,258.841,0],"e":[1081,64.841,0],"to":[0,-32.3333320617676,0],"ti":[0,32.3333320617676,0]},{"t":76.9687531350015}],"ix":2},"a":{"a":0,"k":[0,0,0],"ix":1},"s":{"a":0,"k":[100,100,100],"ix":6}},"ao":0,"shapes":[{"ty":"gr","it":[{"ty":"rc","d":1,"s":{"a":0,"k":[352,264],"ix":2},"p":{"a":0,"k":[0,0],"ix":3},"r":{"a":0,"k":0,"ix":4},"nm":"Rectangle Path 1","mn":"ADBE Vector Shape - Rect","hd":false},{"ty":"st","c":{"a":0,"k":[1,1,1,1],"ix":3},"o":{"a":0,"k":100,"ix":4},"w":{"a":0,"k":0,"ix":5},"lc":1,"lj":1,"ml":4,"ml2":{"a":0,"k":4,"ix":8},"bm":0,"nm":"Stroke 1","mn":"ADBE Vector Graphic - Stroke","hd":false},{"ty":"fl","c":{"a":0,"k":[0.36862745098,0.23137254902,0.062745098039,1],"ix":4},"o":{"a":0,"k":100,"ix":5},"r":1,"bm":0,"nm":"Fill 1","mn":"ADBE Vector Graphic - Fill","hd":false},{"ty":"tr","p":{"a":0,"k":[-577,124],"ix":2},"a":{"a":0,"k":[0,0],"ix":1},"s":{"a":0,"k":[100,100],"ix":3},"r":{"a":0,"k":0,"ix":6},"o":{"a":0,"k":100,"ix":7},"sk":{"a":0,"k":0,"ix":4},"sa":{"a":0,"k":0,"ix":5},"nm":"Transform"}],"nm":"Rectangle 1","np":3,"cix":2,"bm":0,"ix":1,"mn":"ADBE Vector Group","hd":false}],"ip":0,"op":107892.004394531,"st":0,"bm":0},{"ddd":0,"ind":4,"ty":2,"nm":"tekucina","td":1,"refId":"image_4","sr":1,"ks":{"o":{"a":0,"k":100,"ix":11},"r":{"a":0,"k":0,"ix":10},"p":{"a":0,"k":[505.69,417.913,0],"ix":2},"a":{"a":0,"k":[177.228,107.688,0],"ix":1},"s":{"a":0,"k":[100,100,100],"ix":6}},"ao":0,"ip":0,"op":107892.004394531,"st":0,"bm":0},{"ddd":0,"ind":5,"ty":4,"nm":"Shape Layer 1","tt":1,"sr":1,"ks":{"o":{"a":0,"k":100,"ix":11},"r":{"a":0,"k":6,"ix":10},"p":{"a":1,"k":[{"i":{"x":0.833,"y":0.833},"o":{"x":0.167,"y":0.167},"n":"0p833_0p833_0p167_0p167","t":-3.726,"s":[3765.665,692.315,0],"e":[2629.665,756.315,0],"to":[-189.33332824707,10.6666669845581,0],"ti":[433.5,51.5,0]},{"i":{"x":0.833,"y":0.833},"o":{"x":0.167,"y":0.167},"n":"0p833_0p833_0p167_0p167","t":7.274,"s":[2629.665,756.315,0],"e":[2661.367,661.823,0],"to":[-73.9531555175781,-8.78566837310791,0],"ti":[90.0948181152344,18.8719959259033,0]},{"i":{"x":0.833,"y":0.833},"o":{"x":0.167,"y":0.167},"n":"0p833_0p833_0p167_0p167","t":20.264,"s":[2661.367,661.823,0],"e":[1164.665,383.315,0],"to":[-438.024688720703,-91.7522277832031,0],"ti":[202.512924194336,51.5613136291504,0]},{"t":85.273753473271}],"ix":2},"a":{"a":0,"k":[972.786,275.372,0],"ix":1},"s":{"a":0,"k":[122.125,82.232,100],"ix":6}},"ao":0,"shapes":[{"ty":"gr","it":[{"ind":0,"ty":"sh","ix":1,"ks":{"a":0,"k":{"i":[[98.064,-10.416],[116.748,20.905],[80.916,26.498],[51.092,-22.648],[106.975,22.43],[65.147,-10.169],[58.629,-17.02],[27.861,10.449],[100.896,-19.033],[67.83,25.688],[65.127,-34.378],[58.633,-9.152],[58.633,-9.152],[94.807,-9.907],[49.546,2.048],[662.513,-690.34],[0,0],[0,0],[0,0],[0,0]],"o":[[-98.064,10.416],[-116.748,-20.905],[-80.917,-26.498],[-51.091,22.648],[-106.977,-22.43],[-45.158,7.049],[-60.794,17.648],[-99.369,-37.269],[-68.031,12.833],[-72.709,-27.536],[-52.295,27.604],[-58.633,9.152],[-58.633,9.152],[-53.088,5.548],[-49.546,-2.048],[-662.513,690.34],[0,0],[0,0],[0,0],[0,0]],"v":[[1071.712,110.368],[801.848,299.223],[1315.166,13.674],[1254.469,86.732],[1216.966,-303.589],[634.507,447.62],[566.391,198.73],[388.002,221.981],[-66.229,248.863],[-298.447,294.893],[-544.639,352.886],[-794.256,362.503],[-1063.084,472.939],[-1379.902,463.7],[-1851.892,635.195],[-2340.619,1826.642],[-1489.706,2867.674],[216.464,2777.432],[1940.516,2195.294],[2618.797,1541.621]],"c":true},"ix":2},"nm":"Path 1","mn":"ADBE Vector Shape - Group","hd":false},{"ty":"st","c":{"a":0,"k":[1,1,1,1],"ix":3},"o":{"a":0,"k":100,"ix":4},"w":{"a":0,"k":0,"ix":5},"lc":1,"lj":1,"ml":4,"ml2":{"a":0,"k":4,"ix":8},"bm":0,"nm":"Stroke 1","mn":"ADBE Vector Graphic - Stroke","hd":false},{"ty":"fl","c":{"a":0,"k":[0.36862745098,0.23137254902,0.062745098039,1],"ix":4},"o":{"a":0,"k":100,"ix":5},"r":1,"bm":0,"nm":"Fill 1","mn":"ADBE Vector Graphic - Fill","hd":false},{"ty":"tr","p":{"a":0,"k":[0,0],"ix":2},"a":{"a":0,"k":[0,0],"ix":1},"s":{"a":0,"k":[100,100],"ix":3},"r":{"a":0,"k":0,"ix":6},"o":{"a":0,"k":100,"ix":7},"sk":{"a":0,"k":0,"ix":4},"sa":{"a":0,"k":0,"ix":5},"nm":"Transform"}],"nm":"Shape 1","np":3,"cix":2,"bm":0,"ix":1,"mn":"ADBE Vector Group","hd":false}],"ip":0,"op":107892.004394531,"st":0,"bm":0}],"markers":[]}